
{

"binFileName":null,

"datetimeStyle":null,

"defaultBgColor":null,

"defaultBgImageList":
[
    "Background_1.png",
    "Background_2.png",
    "Background_3.png",
    "Background_4.png",
    "Background_5.png",
    "Background_6.png",
    "Background_7.png",
    "Background_8.png"
],

"defaultFontColor":null,

"HeartrateIconList":
[
    {"Heartrate_Name":"HeartRate_1.png","Heartrate_Type":0}
],

"bloodoxygenIconList":
[
    {"bloodoxygen_Name":"BloodOxygen_1.png","bloodoxygen_Type":0},
    {"bloodoxygen_Name":"BloodOxygen_2.png","bloodoxygen_Type":1},
    {"bloodoxygen_Name":"BloodOxygen_3.png","bloodoxygen_Type":2}
],

"stepcountIconList":
[
    {"stepcount_Name":"StepCount_1.png","stepcount_Type":0},
    {"stepcount_Name":"StepCount_2.png","stepcount_Type":1},
    {"stepcount_Name":"StepCount_3.png","stepcount_Type":2},
    {"stepcount_Name":"StepCount_4.png","stepcount_Type":3},
    {"stepcount_Name":"StepCount_5.png","stepcount_Type":4}
],

"distanceIconList":
[
    {"distance_Name":"Distance_1.png","distance_Type":0},
    {"distance_Name":"Distance_2.png","distance_Type":1},
    {"distance_Name":"Distance_3.png","distance_Type":2},
    {"distance_Name":"Distance_4.png","distance_Type":3},
    {"distance_Name":"Distance_5.png","distance_Type":4}
],

"caroliIconList":
[
    {"caroli_Name":"Caroli_1.png","caroli_Type":0},
    {"caroli_Name":"Caroli_2.png","caroli_Type":1},
    {"caroli_Name":"Caroli_3.png","caroli_Type":2},
    {"caroli_Name":"Caroli_4.png","caroli_Type":3},
    {"caroli_Name":"Caroli_5.png","caroli_Type":4}
],

"bloodpressureIconList":
[
    {"bloodpressure_Name":"BloodPressure_1.png","bloodpressure_Type":0}
],

"stressIconList":
[
    {"stress_Name":"Stress_1.png","stress_Type":0},
    {"stress_Name":"Stress_2.png","stress_Type":1}
],


"pointerBgList":
[
    "PointerSet_1.png",
    "PointerSet_2.png",
    "PointerSet_3.png",
    "PointerSet_4.png",
    "PointerSet_5.png"
],
    
"scaleBgList":
[
    "Graduation_1.png",
    "Graduation_2.png",
    "Graduation_3.png",
    "Graduation_4.png",
    "Graduation_5.png",
    "Graduation_6.png",
    "Graduation_7.png"
],

"batteryList":
[
    {"battery_Name":"BatteryLevel_1.png","battery_Type":0}
],


"colonList":
[
    "Colon.png"
],

"persentList":
[
    "Percent.png"
],

"timeStyleList":
[
    "TimeStyle.png"
],
"BLEIconList":
[
    {"ble_Name":"BLE_1.png","ble_Type":0},
    {"ble_Name":"BLE_2.png","ble_Type":1},
    {"ble_Name":"BLE_3.png","ble_Type":2}
],
"BTIconList":
[
    {"bt_Name":"BT_1.png","bt_Type":0},
    {"bt_Name":"BT_2.png","bt_Type":1},
    {"bt_Name":"BT_3.png","bt_Type":2}
]

}

