
{

"binFileName":null,

"datetimeStyle":null,

"defaultBgColor":null,

"defaultBgImageList":
[
	{"Background_Name":"Background_1.png","Background_Type":0},
	{"Background_Name":"Background_2.png","Background_Type":1},
	{"Background_Name":"Background_3.png","Background_Type":2},
    {"Background_Name":"Background_4.png","Background_Type":3},
    {"Background_Name":"Background_5.png","Background_Type":4},
    {"Background_Name":"Background_6.png","Background_Type":5},
    {"Background_Name":"Background_7.png","Background_Type":6},
    {"Background_Name":"Background_8.png","Background_Type":7}
],

"defaultFontColor":null,

"HeartrateIconList":
[
    {"Heartrate_Name":"HeartRate_1.png","Heartrate_Type":0},
    {"Heartrate_Name":"HeartRate_2.png","Heartrate_Type":1},
    {"Heartrate_Name":"HeartRate_3.png","Heartrate_Type":2},
    {"Heartrate_Name":"HeartRate_4.png","Heartrate_Type":3}
],

"bloodoxygenIconList":
[
    {"bloodoxygen_Name":"BloodOxygen_1.png","bloodoxygen_Type":0},
    {"bloodoxygen_Name":"BloodOxygen_2.png","bloodoxygen_Type":1},
    {"bloodoxygen_Name":"BloodOxygen_3.png","bloodoxygen_Type":2}
],

"stepcountIconList":
[
    {"stepcount_Name":"StepCount_1.png","stepcount_Type":0},
    {"stepcount_Name":"StepCount_2.png","stepcount_Type":1},
    {"stepcount_Name":"StepCount_3.png","stepcount_Type":2},
    {"stepcount_Name":"StepCount_4.png","stepcount_Type":3},
    {"stepcount_Name":"StepCount_5.png","stepcount_Type":4}
],

"distanceIconList":
[
    {"distance_Name":"Distance_1.png","distance_Type":0},
    {"distance_Name":"Distance_2.png","distance_Type":1},
    {"distance_Name":"Distance_3.png","distance_Type":2},
    {"distance_Name":"Distance_4.png","distance_Type":3},
    {"distance_Name":"Distance_5.png","distance_Type":4}
],

"caroliIconList":
[
    {"caroli_Name":"Caroli_1.png","caroli_Type":0},
    {"caroli_Name":"Caroli_2.png","caroli_Type":1},
    {"caroli_Name":"Caroli_3.png","caroli_Type":2},
    {"caroli_Name":"Caroli_4.png","caroli_Type":3},
    {"caroli_Name":"Caroli_5.png","caroli_Type":4}
],

"bloodpressureIconList":
[
    {"bloodpressure_Name":"BloodPressure_1.png","bloodpressure_Type":0}
],

"stressIconList":
[
    {"stress_Name":"Stress_1.png","stress_Type":0},
    {"stress_Name":"Stress_2.png","stress_Type":1}
],


"pointerBgList":
[
	{"PointerSet_Name":"PointerSet_1.png","PointerSet_Type":0},
    {"PointerSet_Name":"PointerSet_2.png","PointerSet_Type":1},
    {"PointerSet_Name":"PointerSet_3.png","PointerSet_Type":2},
    {"PointerSet_Name":"PointerSet_4.png","PointerSet_Type":3},
    {"PointerSet_Name":"PointerSet_5.png","PointerSet_Type":4}
],
    
"scaleBgList":
[
    {"Graduation_Name":"Graduation_1.png","Graduation_Type":0},
    {"Graduation_Name":"Graduation_2.png","Graduation_Type":1},
    {"Graduation_Name":"Graduation_3.png","Graduation_Type":2},
    {"Graduation_Name":"Graduation_4.png","Graduation_Type":3},
    {"Graduation_Name":"Graduation_5.png","Graduation_Type":4},
    {"Graduation_Name":"Graduation_6.png","Graduation_Type":5},
    {"Graduation_Name":"Graduation_7.png","Graduation_Type":6}
],

"batteryList":
[
    {"battery_Name":"BatteryLevel_1.png","battery_Type":0},
    {"battery_Name":"BatteryLevel_1.png","battery_Type":1},
    {"battery_Name":"BatteryLevel_2.png","battery_Type":2},
    {"battery_Name":"BatteryLevel_2.png","battery_Type":3}
],


"colonList":
[
    "Colon.png"
],

"persentList":
[
    "Percent.png"
],

"slashList":
[
    "Slash.png"
],

"BLEIconList":
[
    {"ble_Name":"BLE_1.png","ble_Type":0,"icon_color":65535},
    {"ble_Name":"BLE_2.png","ble_Type":1,"icon_color":24323}
],
"BTIconList":
[
    {"bt_Name":"BT_1.png","bt_Type":0,"icon_color":65535},
    {"bt_Name":"BT_2.png","bt_Type":1,"icon_color":24323}
],


"timeStyleList":
[
    {"TimeStyle_Name":"TimeStyle_1.png","TimeStyle_Type":0},
    {"TimeStyle_Name":"TimeStyle_2.png","TimeStyle_Type":1},
    {"TimeStyle_Name":"TimeStyle_3.png","TimeStyle_Type":2},
    {"TimeStyle_Name":"TimeStyle_4.png","TimeStyle_Type":3},
    {"TimeStyle_Name":"TimeStyle_5.png","TimeStyle_Type":4}
],

"batteryStyleList":
[
    {"BatteryStyle_Name":"BatteryStyle_1.png" ,"BatteryStyle_Type":0},
    {"BatteryStyle_Name":"BatteryStyle_2.png" ,"BatteryStyle_Type":1},
    {"BatteryStyle_Name":"BatteryStyle_3.png" ,"BatteryStyle_Type":2},
	{"BatteryStyle_Name":"BatteryStyle_4.png" ,"BatteryStyle_Type":3}
],

"bloodOxygenStyleList":
[
    {"BloodOxygenStyle_Name":"BloodOxygenStyle_1.png" ,"BloodOxygenStyle_Type":0}
],

"bloodPressureStyleList":
[
    {"BloodPressureStyle_Name":"BloodPressureStyle_1.png","BloodPressureStyle_Type":0}
],

"caroliStyleList":
[
    {"CaroliStyle_Name":"CaroliStyle_1.png","CaroliStyle_Type":0}
],

"distanceStyleList":
[
    {"DistanceStyle_Name":"DistanceStyle_1.png","DistanceStyle_Type":0}
],

"heartRateStyleList":
[
    {"HeartRateStyle_Name":"HeartRateStyle_1.png","HeartRateStyle_Type":0} 
],

"stepStyleList":
[
    {"StepStyle_Name":"StepStyle_1.png","StepStyle_Type":0}
],

"stressRateStyleList":
[
    {"StressStyle_Name":"StressStyle_1.png","StressStyle_Type":0}
]

}

